Committee name,Registration number,Party,Office sought,District,Registration date,Termination date,Incumbent,Candidate,DistrictKey,OfficeKey
"Schnaser, Aron House Committee",19021,DFL,House,7A,2023-10-02 08:17:00.000,,0,"Schnaser, Aron",7A,House
"Repinski, Aaron House Committee",19019,RPM,House,26A,2023-09-25 08:58:00.000,,0,"Repinski, Aaron",26A,House
"Wroblewski, Lucia House Committee",19018,DFL,House,41A,2023-09-19 14:11:00.000,,0,"Wroblewski, Lucia",41A,House
"Daisane, Abdi House Committee",19012,DFL,House,14A,2023-08-30 08:16:00.000,,0,"Daisane, Abdi",14A,House
"Cohn, Brian House Committee",19008,DFL,House,57B,2023-08-24 09:06:00.000,,0,"Cohn, Brian",57B,House
"Steffenhagen, Caleb House Committee",19007,RPM,House,48B,2023-08-08 15:36:00.000,,0,"Steffenhagen, Caleb",48B,House
"Dorau, Dwight House Committee",19006,RPM,House,47B,2023-05-19 13:43:00.000,,0,"Dorau, Dwight",47B,House
"Rehrauer, Kari House Committee",19005,DFL,House,35B,2023-05-01 16:08:00.000,,0,"Rehrauer, Kari",35B,House
"Hutchinson, Michael House Committee",19004,DFL,House,20B,2023-02-22 14:07:00.000,,0,"Hutchinson, Michael",20B,House
"Boyechko, Michelle Senate Committee",19003,DFL,Senate,11,2022-08-19 08:34:00.000,,0,"Boyechko, Michelle",11,Senate
"Bird, Victoria Ann Senate Committee",19001,DFL,Senate,28,2022-07-18 15:54:00.000,,0,"Bird, Victoria Ann",28,Senate
"Hawthorne, Trenton TJ House Committee",19000,LPM,House,44B,2022-07-18 11:21:00.000,,0,"Hawthorne, Trenton TJ",44B,House
"Peichel, Jeremy Senate Committee",18999,LPM,Senate,66,2022-07-15 13:36:00.000,,0,"Peichel, Jeremy",66,Senate
"Sceville, James House Committee",18998,DFL,House,1A,2022-07-13 08:54:00.000,,0,"Sceville, James",1A,House
"Pinkney, (Walter) Alex House Committee",18997,RPM,House,44A,2022-07-11 10:59:00.000,,0,"Pinkney, (Walter) Alex",44A,House
"Murray, Mikki Senate Committee",18996,RPM,Senate,66,2022-07-11 10:40:00.000,,0,"Murray, Mikki",66,Senate
"Doerr, Stephen House Committee",18995,RPM,House,26A,2022-07-07 12:11:00.000,,0,"Doerr, Stephen",26A,House
"Vanoverbeke, Keith House Committee",18993,DFL,House,15A,2022-07-05 09:00:00.000,,0,"Vanoverbeke, Keith",15A,House
"Pulham, Katrina House Committee",18991,RPM,House,24B,2022-07-01 17:12:00.000,,0,"Pulham, Katrina",24B,House
"Scott, Ulric ""Todd"" C III Senate Committee",18992,DFL,Senate,63,2022-07-01 08:47:00.000,,0,"Scott, Ulric ""Todd"" C, III",63,Senate
"Kells, Nathan House Committee",18988,DFL,House,48A,2022-06-30 13:38:00.000,,0,"Kells, Nathan",48A,House
"Hobot, Chad T House Committee",18986,DFL,House,30B,2022-06-27 11:01:00.000,,0,"Hobot, Chad",30B,House
"Nguyen, Diane Senate Committee",18985,DFL,Senate,30,2022-06-27 10:45:00.000,,0,"Nguyen, Diane",30,Senate
"Fisher, Bill House Committee",18984,DFL,House,31B,2022-06-27 09:17:00.000,,0,"Fisher, Bill",31B,House
"Lawhead, Brandon Senate Committee",18983,DFL,Senate,23,2022-06-27 09:08:00.000,,0,"Lawhead, Brandon",23,Senate
"Paulsen, Darrell Gov Committee",18982,GRP,Governor,,2022-06-23 15:17:00.000,,0,"Paulsen, Darrell",,GC
"Bromenschenkel, Melissa House Committee",18981,DFL,House,13B,2022-06-23 08:50:00.000,,0,"Bromenschenkel, Melissa",13B,House
"Heidelberger, Michael House Committee",18979,DFL,House,21B,2022-06-22 13:52:00.000,,0,"Heidelberger, Michael",21B,House
"Robinson, John Joseph House Committee",18978,RPM,House,25B,2022-06-21 13:14:00.000,,0,"Robinson, John Joseph",25B,House
"Hughes, Dave Senate Committee",18977,RPM,Senate,1,2022-06-20 15:00:00.000,,0,"Hughes, Dave",1,Senate
"Baustian, Patrick House Committee",18976,DFL,House,21A,2022-06-20 10:15:00.000,,0,"Baustian, Patrick",21A,House
"McLain, Keith House Committee",18974,DFL,House,24A,2022-06-17 12:41:00.000,,0,"McLain, Keith",24A,House
"Beebe, Beth House Committee",18973,RPM,House,50B,2022-06-16 15:14:00.000,,0,"Beebe, Beth",50B,House
"Gaul, Anita Senate Committee",18972,DFL,Senate,15,2022-06-16 14:52:00.000,,0,"Gaul, Anita",15,Senate
"Schmitz, Andrew Senate Committee",18971,RPM,Senate,62,2022-06-16 13:48:00.000,,0,"Schmitz, Andrew",62,Senate
"Babin, Paul Senate Committee",18969,RPM,Senate,44,2022-06-16 10:28:00.000,,0,"Babin, Paul",44,Senate
"Halmrast, Lynn House Committee",18968,RPM,House,4A,2022-06-15 09:34:00.000,,0,"Halmrast, Lynn",4A,House
"Cekalla, Suzanne M Senate Committee",18967,DFL,Senate,10,2022-06-15 09:27:00.000,,0,"Cekalla, Suzanne M",10,Senate
"Sylvester, Rod House Committee",18966,RPM,House,39A,2022-06-15 09:17:00.000,,0,"Sylvester, Rod",39A,House
"Leitzen, Eric Senate Committee",18964,LMP,Senate,26,2022-06-13 13:25:00.000,,0,"Leitzen, Eric",26,Senate
"Kruse, Todd House Committee",18962,RPM,House,53A,2022-06-13 09:39:00.000,,0,"Kruse, Todd",53A,House
"Johnson, Blain House Committee",18961,RPM,House,3A,2022-06-13 09:32:00.000,,0,"Johnson, Blain",3A,House
"Hillen, Paul Senate Committee",18960,RPM,Senate,42,2022-06-13 09:28:00.000,,0,"Hillen, Paul",42,Senate
"Froelich, Hunter House Committee",18959,DFL,House,10B,2022-06-10 14:06:00.000,,0,"Froelich, Hunter",10B,House
"Johnson, Trace House Committee",18957,RPM,House,66A,2022-06-10 10:04:00.000,,0,"Johnson, Trace",66A,House
"Kittelson, Roger House Committee",18956,IPMN,House,20A,2022-06-10 09:53:00.000,,0,"Kittelson, Roger",20A,House
"Sharp, Mike House Committee",18954,RPM,House,39B,2022-06-09 15:00:00.000,,0,"Sharp, Mike",39B,House
"Wenzel, Steve Senate Committee",18953,RPM,Senate,10,2022-06-09 13:36:00.000,,0,"Wenzel, Steve",10,Senate
"Burkett, Kathy House Committee",18952,RPM,House,42A,2022-06-09 09:09:00.000,,0,"Burkett, Kathy",42A,House
"Hendrickson, Gregg House Committee",18950,IPMN,House,5B,2022-06-08 10:52:00.000,,0,"Hendrickson, Gregg",5B,House
"Jost, Nancy House Committee",18949,DFL,House,9A,2022-06-08 10:44:00.000,,0,"Jost, Nancy",9A,House
"Vosburg, Dar House Committee",18947,RPM,House,18B,2022-06-07 12:29:00.000,,0,"Vosburg, Dar",18B,House
"Swoboda, Steven House Committee",18946,RPM,House,53B,2022-06-07 10:14:00.000,,0,"Swoboda, Steven",53B,House
"Bohmer, Dan Senate Committee",18945,RPM,Senate,4,2022-06-07 09:59:00.000,,0,"Bohmer, Dan",4,Senate
"Ruffalo, Jason Senate Committee",18941,DFL,Senate,31,2022-06-03 14:45:00.000,,0,"Ruffalo, Jason",31,Senate
"Ulmen, Marisa House Committee",18939,DFL,House,22A,2022-06-02 14:25:00.000,,0,"Ulmen, Marisa",22A,House
"Schroeder, Jackie House Committee",18938,RPM,House,42B,2022-06-02 14:18:00.000,,0,"Schroeder, Jackie",42B,House
"Wolf, Pam Senate Committee",18936,RPM,Senate,39,2022-06-01 10:07:00.000,,0,"Wolf, Pam",39,Senate
"Blake, Richard House Committee",18935,DFL,House,6A,2022-06-01 08:53:00.000,,0,"Blake, Richard",6A,House
"Buckmeier, Sonja House Committee",18934,DFL,House,30A,2022-05-31 14:11:00.000,,0,"Buckmeier, Sonja",30A,House
"O'Berry, Betsy House Committee",18933,DFL,House,31A,2022-05-31 14:05:00.000,,0,"O'Berry, Betsy",31A,House
"Fulton, Douglas Senate Committee",18932,RPM,Senate,50,2022-05-31 09:45:00.000,,0,"Fulton, Douglas",50,Senate
"Minzel, Emy Senate Committee",18931,DFL,Senate,27,2022-05-31 09:41:00.000,,0,"Minzel, Emy",27,Senate
"Chase, Ryan House Committee",18930,RPM,House,49A,2022-05-27 15:16:00.000,,0,"Chase, Ryan",49A,House
"Navitsky, Ken Senate Committee",18928,RPM,Senate,25,2022-05-27 14:48:00.000,,0,"Navitsky, Ken",25,Senate
"Wilson, Daniel Senate Committee",18927,DFL,Senate,26,2022-05-26 15:39:00.000,,0,"Wilson, Daniel",26,Senate
"Hobson, Brian House Committee",18926,DFL,House,5A,2022-05-26 09:11:00.000,,0,"Hobson, Brian",5A,House
"Thiessen, Ronald House Committee",18925,DFL,House,27A,2022-05-26 08:55:00.000,,0,"Thiessen, Ronald",27A,House
"Robinson, Andrea House Committee",18922,DFL,House,13A,2022-05-23 11:46:00.000,,0,"Robinson, Andrea",13A,House
"Savior, Ole Gov Committee",18921,DFL,Governor,,2022-05-23 11:41:00.000,,0,"Savior, Ole",,GC
"Pafko, Frank Senate Committee",18920,RPM,Senate,51,2022-05-23 11:37:00.000,,0,"Pafko, Frank",51,Senate
"Boos, Sally House Committee",18923,DFL,House,6B,2022-05-20 13:04:00.000,,0,"Boos, Sally",6B,House
"Wright, Mark Senate Committee",18919,RPM,Senate,18,2022-05-20 11:30:00.000,,0,"Wright, Mark",18,Senate
"Skraba, Roger Joseph House Committee",18918,RPM,House,3A,2022-05-18 13:29:00.000,,1,"Skraba, Roger Joseph",3A,House
"Kupec, Rob Senate Committee",18917,DFL,Senate,4,2022-05-17 14:24:00.000,,1,"Kupec, Rob",4,Senate
"Dungy, Steve House Committee",18915,DFL,House,58B,2022-05-16 09:49:00.000,,0,"Dungy, Steve",58B,House
"Henning, Aaron House Committee",18913,RPM,House,14B,2022-05-10 09:16:00.000,,0,"Henning, Aaron",14B,House
"Johnson, Kelsey Senate Committee",18912,RPM,Senate,3,2022-05-09 09:40:00.000,,0,"Johnson, Kelsey",3,Senate
"Lieske, Bill Senate Committee",18910,RPM,Senate,58,2022-05-05 13:44:00.000,,1,"Lieske, Bill",58,Senate
"Gillman, Dawn House Committee",18908,RPM,House,17A,2022-05-05 09:25:00.000,,1,"Gillman, Dawn",17A,House
"Satter, Jason House Committee",18907,DFL,House,9B,2022-05-04 11:50:00.000,,0,"Satter, Jason",9B,House
"Carroll, Ned House Committee",18906,DFL,House,42A,2022-04-29 13:12:00.000,,1,"Carroll, Ned",42A,House
"Bakeberg, Ben House Committee",18905,RPM,House,54B,2022-04-28 08:19:00.000,,1,"Bakeberg, Ben",54B,House
"Radosevich, Pete House Committee",18904,DFL,House,11A,2022-04-26 11:00:00.000,,0,"Radosevich, Pete",11A,House
"Kern, Douglas J House Committee",18902,RPM,House,6B,2022-04-25 14:38:00.000,,0,"Kern, Douglas J",6B,House
"Boldon, Liz Senate Committee",18901,DFL,Senate,25,2022-04-25 09:24:00.000,,1,"Boldon, Liz",25,Senate
"Walsh, Dan House Committee",18899,RPM,House,64A,2022-04-22 09:47:00.000,,0,"Walsh, Dan",64A,House
"wiener, michael House Committee",18897,RPM,House,5B,2022-04-20 10:23:00.000,,1,"wiener, michael",5B,House
"Phillips, Wendy House Committee",18896,RPM,House,25A,2022-04-20 10:00:00.000,,0,"Phillips, Wendy",25A,House
"Theis, Tama Lynn Senate Committee",18895,RPM,Senate,14,2022-04-20 09:45:00.000,,0,"Theis, Tama Lynn",14,Senate
"Hinnenkamp, Mary House Committee",18894,DFL,House,23A,2022-04-20 09:16:00.000,,0,"Hinnenkamp, Mary",23A,House
"landru, joseph House Committee",18892,RPM,House,56A,2022-04-12 12:34:00.000,,0,"landru, joseph",56A,House
"Harder, Bobbie House Committee",18891,RPM,House,17B,2022-04-12 08:36:00.000,,1,"Harder, Bobbie",17B,House
"Kohler, Brad Senate Committee",18889,RPM,Senate,38,2022-04-11 13:45:00.000,,0,"Kohler, Brad",38,Senate
"Khalif, Farhio Senate Committee",18888,DFL,Senate,37,2022-04-08 14:35:00.000,,0,"Khalif, Farhio",37,Senate
"Bruggenthies, Gary House Committee",18887,RPM,House,58A,2022-04-08 12:49:00.000,,0,"Bruggenthies, Gary",58A,House
"Kozlowski, Alicia House Committee",18886,DFL,House,8B,2022-04-07 14:39:00.000,,1,"Kozlowski, Alicia",8B,House
"Rausch, Christopher Senate Committee",18885,RPM,Senate,53,2022-04-07 14:34:00.000,,0,"Rausch, Christopher",53,Senate
"Strom, Susan Ranae House Committee",18884,DFL,House,36A,2022-04-06 14:30:00.000,,0,"Strom, Susan Ranae",36A,House
"Lowell, Stephen Senate Committee",18881,RPM,Senate,52,2022-04-06 08:57:00.000,,0,"Lowell, Stephen",52,Senate
"Wiens, Mark House Committee",18879,RPM,House,41A,2022-04-05 15:15:00.000,,1,"Wiens, Mark",41A,House
"Stinson, Laurel House Committee",18877,DFL,House,20A,2022-04-04 10:16:00.000,,0,"Stinson, Laurel",20A,House
"Olson, Reed House Committee",18876,DFL,House,2A,2022-04-04 08:35:00.000,,0,"Olson, Reed",2A,House
"Perryman, Bernadette Ann House Committee",18875,RPM,House,14A,2022-04-01 15:33:00.000,,1,"Perryman, Bernadette Ann",14A,House
"Cha, Ethan House Committee",18874,DFL,House,47B,2022-04-01 13:41:00.000,,1,"Cha, Ethan",47B,House
"Hauschild, Grant Senate Committee",18873,DFL,Senate,3,2022-04-01 09:53:00.000,,1,"Hauschild, Grant",3,Senate
"Barnes, Natalie Senate Committee",18872,RPM,Senate,54,2022-03-31 11:04:00.000,,0,"Barnes, Natalie",54,Senate
"Knecht, Thomas House Committee",18869,RPM,House,49B,2022-03-29 13:24:00.000,,0,"Knecht, Thomas",49B,House
"Cousineau, Lorie House Committee",18868,RPM,House,45B,2022-03-29 09:04:00.000,,0,"Cousineau, Lorie",45B,House
"Bean III, Jim Senate Committee",18867,RPM,Senate,56,2022-03-28 13:08:00.000,,0,"Bean III, Jim",56,Senate
"Shen, Allen House Committee",18865,RPM,House,40B,2022-03-28 08:54:00.000,,0,"Shen, Allen",40B,House
"Bahr, Calvin (Cal) K Senate Committee",18864,RPM,Senate,31,2022-03-28 08:40:00.000,,1,"Bahr, Calvin (Cal) K",31,Senate
"Zupancich, Andrea Senate Committee",18863,RPM,Senate,3,2022-03-28 08:31:00.000,,0,"Zupancich, Andrea",3,Senate
"Witte, Jeff House Committee",18862,RPM,House,57B,2022-03-25 15:20:00.000,,1,"Witte, Jeff",57B,House
"Bailey-Johnson, Erika House Committee",18860,DFL,House,2B,2022-03-25 08:48:00.000,,0,"Bailey-Johnson, Erika",2B,House
"Holster, Shawn Senate Committee",18858,RPM,Senate,63,2022-03-24 14:54:00.000,,0,"Holster, Shawn",63,Senate
"Ellison, Breanna House Committee",18857,DFL,House,8B,2022-03-24 09:38:00.000,,0,"Ellison, Breanna",8B,House
"Curran, Brion House Committee",18855,DFL,House,36B,2022-03-23 15:05:00.000,,1,"Curran, Brion",36B,House
"Kroetch, Gabriela House Committee",18853,RPM,House,55A,2022-03-23 09:26:00.000,,0,"Kroetch, Gabriela",55A,House
"Bristol, John House Committee",18852,RPM,House,37B,2022-03-22 09:02:00.000,,0,"Bristol, John",37B,House
"Grabau, Clarice Senate Committee",18851,DFL,Senate,58,2022-03-21 15:38:00.000,,0,"Grabau, Clarice",58,Senate
"Newberger, James Senate Committee",18850,RPM,Senate,10,2022-03-21 14:24:00.000,,0,"Newberger, James",10,Senate
"Matteson, Polly House Committee",18847,RPM,House,35B,2022-03-21 08:11:00.000,,0,"Matteson, Polly",35B,House
"Seeberger, Judy Senate Committee",18845,DFL,Senate,41,2022-03-18 14:49:00.000,,1,"Seeberger, Judy",41,Senate
"Kessler, Dan Senate Committee",18841,DFL,Senate,48,2022-03-17 15:41:00.000,,0,"Kessler, Dan",48,Senate
"Abdalla, Abdulkadir House Committee",18839,DFL,House,25B,2022-03-17 14:17:00.000,,0,"Abdalla, Abdulkadir",25B,House
"Owens, Jen House Committee",18838,DFL,House,47A,2022-03-17 10:16:00.000,,0,"Owens, Jen",47A,House
"Hudella, Shane House Committee",18837,RPM,House,41B,2022-03-16 08:42:00.000,,1,"Hudella, Shane",41B,House
"Zeleznikar, Natalie House Committee",18835,RPM,House,3B,2022-03-14 15:22:00.000,,1,"Zeleznikar, Natalie",3B,House
"Fowke, Kathleen Senate Committee",18834,RPM,Senate,45,2022-03-14 14:48:00.000,,0,"Fowke, Kathleen",45,Senate
"Smith, Andy House Committee",18833,DFL,House,25B,2022-03-14 10:34:00.000,,1,"Smith, Andy",25B,House
"Bradford, Chuck House Committee",18832,RPM,House,24A,2022-03-14 10:30:00.000,,0,"Bradford, Chuck",24A,House
"Hanson, Lisa (Melissa) Senate Committee",18831,RPM,Senate,23,2022-03-14 10:19:00.000,,0,"Hanson, Lisa (Melissa)",23,Senate
"Nadeau, Danny House Committee",18830,RPM,House,34A,2022-03-14 10:12:00.000,,1,"Nadeau, Danny",34A,House
"Lenz, Paul House Committee",18829,RPM,House,21B,2022-03-14 09:54:00.000,,0,"Lenz, Paul",21B,House
"Fogelman, Marj House Committee",18826,RPM,House,21B,2022-03-09 16:18:00.000,,1,"Fogelman, Marj",21B,House
"Lawrence, Bob House Committee",18825,RPM,House,47A,2022-03-09 09:45:00.000,,0,"Lawrence, Bob",47A,House
"Knisely, Tom Senate Committee",18823,RPM,Senate,32,2022-03-08 10:55:00.000,,0,"Knisely, Tom",32,Senate
"Davis, Ben House Committee",18822,RPM,House,6A,2022-03-08 08:46:00.000,,1,"Davis, Ben",6A,House
"Farnsworth, Robert Senate Committee",18821,RPM,Senate,7,2022-03-08 08:38:00.000,,1,"Farnsworth, Robert",7,Senate
"Driscoll, Patricia House Committee",18820,DFL,House,41A,2022-03-07 15:37:00.000,,0,"Driscoll, Patricia",41A,House
"Kreun, Michael Senate Committee",18819,RPM,Senate,32,2022-03-07 10:56:00.000,,1,"Kreun, Michael",32,Senate
"Murphy, Tom House Committee",18818,RPM,House,9B,2022-03-07 10:18:00.000,,1,"Murphy, Tom",9B,House
"Coulter, Nathan House Committee",18817,DFL,House,51B,2022-03-07 10:09:00.000,,1,"Coulter, Nathan",51B,House
"Clardy, Mary Frances House Committee",18815,DFL,House,53A,2022-03-07 09:33:00.000,,1,"Clardy, Mary Frances",53A,House
"Jensen, Joseph Senate Committee",18814,DFL,Senate,37,2022-03-07 09:19:00.000,,0,"Jensen, Joseph",37,Senate
"Newton, Jerry House Committee",18813,DFL,House,35B,2022-03-04 14:05:00.000,,1,"Newton, Jerry",35B,House
"Mitchell, Carrie House Committee",18812,DFL,House,33B,2022-03-04 13:03:00.000,,0,"Mitchell, Carrie",33B,House
"Morrison, Kelly Senate Committee",18809,DFL,Senate,45,2022-03-04 08:54:00.000,,1,"Morrison, Kelly",45,Senate
"Finke, Leigh House Committee",18807,DFL,House,66A,2022-03-03 09:22:00.000,,1,"Finke, Leigh",66A,House
"Widmer, Joseph ""Joe"" House Committee",18805,DFL,House,33B,2022-03-02 09:46:00.000,,0,"Widmer, Joseph ""Joe""",33B,House
"Monson, Sheldon House Committee",18804,RPM,House,5B,2022-03-02 09:33:00.000,,0,"Monson, Sheldon",5B,House
"Pascoe, Kayla House Committee",18803,RPM,House,17B,2022-03-02 09:13:00.000,,0,"Pascoe, Kayla",17B,House
"Myhra, Pam Senate Committee",18801,RPM,Senate,55,2022-03-02 08:45:00.000,,0,"Myhra, Pam",55,Senate
"Roy, Leonard Alan Senate Committee",18800,DFL,Senate,2,2022-03-01 14:54:00.000,,0,"Roy, Leonard Alan",2,Senate
"Jacob, Steven E House Committee",18799,RPM,House,20B,2022-02-28 09:23:00.000,,1,"Jacob, Steven E",20B,House
"Valento, Hanna House Committee",18798,DFL,House,33A,2022-02-28 09:15:00.000,,0,"Valento, Hanna",33A,House
"Hudson, Walter House Committee",18797,RPM,House,30A,2022-02-25 15:55:00.000,,1,"Hudson, Walter",30A,House
"Kraft, Larry House Committee",18796,DFL,House,46A,2022-02-25 15:33:00.000,,1,"Kraft, Larry",46A,House
"Gruenhagen, Glenn Senate Committee",18795,RPM,Senate,17,2022-02-25 15:09:00.000,,1,"Gruenhagen, Glenn H",17,Senate
"Rehm, Lucy House Committee",18794,DFL,House,48B,2022-02-25 14:53:00.000,,1,"Rehm, Lucy",48B,House
"Mann, Alice Senate Committee",18793,DFL,Senate,50,2022-02-25 14:44:00.000,,1,"Mann, Alice",50,Senate
"Green, Steve Senate Committee",18792,RPM,Senate,2,2022-02-25 11:58:00.000,,1,"Green, Steve",2,Senate
"Cordes, Jake Senate Committee",18791,RPM,Senate,58,2022-02-25 09:39:00.000,,0,"Cordes, Jake",58,Senate
"Japuntich, Rachel Senate Committee",18788,RPM,Senate,40,2022-02-24 08:52:00.000,,0,"Japuntich, Rachel",40,Senate
"Joy, Jim House Committee",18787,RPM,House,4B,2022-02-24 08:48:00.000,,1,"Joy, Jim",4B,House
"Schultz, Isaac House Committee",18786,RPM,House,10B,2022-02-24 08:43:00.000,,1,"Schultz, Isaac",10B,House
"Knudsen, Krista L House Committee",18785,RPM,House,5A,2022-02-23 15:53:00.000,,1,"Knudsen, Krista L",5A,House
"Paulson, Blake House Committee",18784,RPM,House,10B,2022-02-23 15:06:00.000,,0,"Paulson, Blake",10B,House
"Gustafson, Heather Senate Committee",18781,DFL,Senate,36,2022-02-23 13:03:00.000,,1,"Gustafson, Heather",36,Senate
"Bresnahan, Lauren House Committee",18779,DFL,House,45A,2022-02-23 08:46:00.000,,0,"Bresnahan, Lauren",45A,House
"Wesenberg, Nathanial L Senate Committee",18778,RPM,Senate,10,2022-02-23 08:24:00.000,,1,"Wesenberg, Nathanial L",10,Senate
"Lucero, Eric Senate Committee",18777,RPM,Senate,30,2022-02-23 08:14:00.000,,1,"Lucero, Eric",30,Senate
"HILL, JOSIAH House Committee",18776,DFL,House,33B,2022-02-22 13:56:00.000,,1,"Hill, Josiah ",33B,House
"Fenton, Kelly House Committee",18775,RPM,House,47B,2022-02-22 13:00:00.000,,0,"Fenton, Kelly",47B,House
"Sims, David Senate Committee",18774,RPM,Senate,7,2022-02-22 10:45:00.000,,0,"Sims, David",7,Senate
"Niska, Harry House Committee",18773,RPM,House,31A,2022-02-22 10:12:00.000,,1,"Niska, Harry",31A,House
"Sencer-Mura, Samantha House Committee",18768,DFL,House,63A,2022-02-17 09:37:00.000,,1,"Sencer-Mura, Samantha",63A,House
"Hussein, Samakab House Committee",18767,DFL,House,65A,2022-02-15 16:08:00.000,,1,"Hussein, Samakab",65A,House
"Verbeten, Clare Oumou Senate Committee",18766,DFL,Senate,66,2022-02-15 13:23:00.000,,1,"Verbeten, Clare Oumou",66,Senate
"Drazkowski, Steve Senate Committee",18763,RPM,Senate,20,2022-02-07 11:15:00.000,,1,"Drazkowski, Steve",20,Senate
"Altendorf, Pamela House Committee",18760,RPM,House,20A,2022-02-02 09:01:00.000,,1,"Altendorf, Pamela",20A,House
"Hest, John House Committee",18756,DFL,House,4B,2022-01-28 14:27:00.000,,0,"Hest, John",4B,House
"Craig, Jackie Senate Committee",18754,DFL,Senate,57,2022-01-28 11:46:00.000,,0,"Craig, Jackie",57,Senate
"Rasmusson, Jordan Senate Committee",18749,RPM,Senate,9,2022-01-21 09:43:00.000,,1,"Rasmusson, Jordan",9,Senate
"Pérez-Vega, María House Committee",18746,DFL,House,65B,2022-01-19 08:24:00.000,,1,"Pérez-Vega, María",65B,House
"Pursell, Kristi House Committee",18744,DFL,House,58A,2022-01-13 09:33:00.000,,1,"Pursell, Kristi",58A,House
"Holston, Van House Committee",18741,RPM,House,55B,2022-01-10 08:47:00.000,,0,"Holston, Van",55B,House
"Hemmingsen-Jaeger, Amanda House Committee",18740,DFL,House,47A,2022-01-03 08:24:00.000,,1,"Hemmingsen-Jaeger, Amanda",47A,House
"Emmerich, Justin Senate Committee",18738,DFL,Senate,56,2021-12-23 08:09:00.000,,0,"Emmerich, Justin",56,Senate
"Mitchell, Nicole Senate Committee",18737,DFL,Senate,47,2021-12-22 10:34:00.000,,1,"Mitchell, Nicole",47,Senate
"Carpentier, Jennifer House Committee",18736,DFL,House,17A,2021-12-21 14:51:00.000,,0,"Carpentier, Jennifer",17A,House
"Olson, Eric House Committee",18733,DFL,House,11B,2021-12-14 08:04:00.000,,0,"Olson, Eric",11B,House
"Crockett, Kim Sec of State Committee",18732,RPM,Secretary of State,,2021-12-09 08:37:00.000,2023-09-19 00:00:00.000,0,"Crockett, Kim",,SS
"Mohamed, Zaynab Senate Committee",18730,DFL,Senate,63,2021-12-06 08:50:00.000,,1,"Mohamed, Zaynab",63,Senate
"Bishofsky, Mark House Committee",18729,RPM,House,33B,2021-12-02 12:05:00.000,,0,"Bishofsky, Mark",33B,House
"Norris, Matt House Committee",18727,DFL,House,32B,2021-11-24 08:18:00.000,,1,"Norris, Matt",32B,House
"Scanlon, Joseph House Committee",18728,RPM,House,56B,2021-11-24 00:00:00.000,,0,"Scanlon, Joseph",56B,House
"Maye Quade, Erin Senate Committee",18724,DFL,Senate,56,2021-11-18 08:25:00.000,,1,"Maye Quade, Erin",56,Senate
"Cumings, Paul House Committee",18723,DFL,House,54A,2021-11-12 00:00:00.000,,0,"Cumings, Paul",54A,House
"Momanyi Hiltsley, Huldah Nyamisa Senate Committee",18720,DFL,Senate,38,2021-11-08 09:47:00.000,,0,"Momanyi Hiltsley, Huldah Nyamisa",38,Senate
"Sant, Samir Senate Committee",18719,DFL,Senate,43,2021-11-05 10:08:00.000,,0,"Sant, Samir",43,Senate
"Ellis, Zuki Senate Committee",18718,DFL,Senate,65,2021-11-02 15:22:00.000,,0,"Ellis, Zuki",65,Senate
"Xiong, Tou Senate Committee",18715,DFL,Senate,44,2021-10-28 08:34:00.000,,1,"Xiong, Tou",44,Senate
"Norri, Matthew R House Committee",18710,RPM,House,7B,2021-10-19 11:22:00.000,,0,"Norri, Matthew R",7B,House
"Helseth, Marla Senate Committee",18709,RPM,Senate,49,2021-10-18 13:34:00.000,,0,"Helseth, Marla",49,Senate
"Pha, Susan Senate Committee",18706,DFL,Senate,38,2021-09-22 11:32:00.000,,1,"Pha, Susan",38,Senate
"Ramsammy, Ashton House Committee",18704,DFL,House,32A,2021-09-20 08:41:00.000,,0,"Ramsammy, Ashton",32A,House
"Lee, Kaozouapa Elizabeth House Committee",18701,DFL,House,67A,2021-09-09 10:29:00.000,,1,"Lee, Kaozouapa Elizabeth",67A,House
"Benson, Michelle Gov Committee",18700,RPM,Governor,,2021-09-01 11:17:00.000,,0,"Benson, Michelle",,GC
"Vinar, Jeremy House Committee",18699,DFL,House,12B,2021-08-30 15:20:00.000,,0,"Vinar, Jeremy",12B,House
"Shah, Neil Dr Gov Committee",18697,RPM,Governor,,2021-08-02 08:26:00.000,,0,"Shah, Neil, Dr",,GC
"Dorry, Kari Senate Committee",18696,DFL,Senate,12,2021-07-30 10:55:00.000,,0,"Dorry, Kari",12,Senate
"Smith, Dennis Atty Gen Committee",18695,RPM,Attorney General,,2021-06-04 12:23:00.000,,0,"Smith, Dennis",,AG
"Hicks, Daniel Senate Committee",18694,DFL,Senate,26,2021-05-11 14:02:00.000,,0,"Hicks, Daniel",26,Senate
"Johnson, Tim House Committee",18684,RPM,House,50A,2020-07-28 00:00:00.000,,0,"Johnson, Tim",50A,House
"Thalman, Joe House Committee",18673,RPM,House,49B,2020-07-08 10:36:00.000,,0,"Thalman, Joe",49B,House
"Fike, Joshua Senate Committee",18672,DFL,Senate,32,2020-07-08 10:35:00.000,,0,"Fike, Joshua",32,Senate
"Holmgren, Paul Senate Committee",18669,RPM,Senate,65,2020-07-04 08:35:00.000,,0,"Holmgren, Paul",65,Senate
"Johnston, William A House Committee",18662,RPM,House,44B,2020-06-29 11:41:00.000,,0,"Johnston, William A",44B,House
"Dupre, Julie Senate Committee",18657,RPM,Senate,49,2020-06-26 14:18:00.000,,0,"Dupre, Julie",49,Senate
"Moren, John J Senate Committee",18655,RPM,Senate,6,2020-06-25 15:06:00.000,,0,"Moren, John J",6,Senate
"Simmons, Scott R House Committee",18656,RPM,House,34B,2020-06-24 15:59:00.000,,0,"Simmons, Scott R",34B,House
"McCartney Knighton, Laverne Senate Committee",18653,DFL,Senate,65,2020-06-24 09:17:00.000,,0,"McCartney Knighton, Laverne",65,Senate
"Johnston, Art House Committee",18650,RPM,House,8A,2020-06-18 17:51:00.000,,0,"Johnston, Art",8A,House
"Deputie, Alexander Buster Senate Committee",18647,RPM,Senate,67,2020-06-18 11:01:00.000,,0,"Deputie, Alexander Buster",67,Senate
"Anderson, Brian G House Committee",18644,RPM,House,4B,2020-06-18 09:34:00.000,,0,"Anderson, Brian G",4B,House
"Coleman, Aarica L Senate Committee",18641,DFL,Senate,34,2020-06-17 15:25:00.000,,0,"Coleman, Aarica L",34,Senate
"Igo, Spencer House Committee",18638,RPM,House,7A,2020-06-17 13:56:00.000,,1,"Igo, Spencer",7A,House
"Wright, Chris Senate Committee",18635,GRP,Senate,63,2020-06-17 09:56:00.000,,0,"Wright, Chris",63,Senate
"Malsom, Doug House Committee",18630,RPM,House,38A,2020-06-16 13:07:00.000,,0,"Malsom, Doug",38A,House
"Malchow, Katie House Committee",18623,DFL,House,28B,2020-06-12 09:18:00.000,,0,"Malchow, Katie",28B,House
"Attia, Karen M Senate Committee",18619,RPM,Senate,34,2020-06-11 13:54:00.000,,0,"Attia, Karen M",34,Senate
"Raleigh, Donald House Committee",18622,RPM,House,32B,2020-06-10 09:09:00.000,,0,"Raleigh, Donald",32B,House
"Wright, Laura House Committee",18618,DFL,House,9B,2020-06-08 13:46:00.000,,0,"Wright, Laura",9B,House
"Luthner, Kate Senate Committee",18628,DFL,Senate,32,2020-06-08 13:43:00.000,,0,"Luthner, Kate",32,Senate
"Samuelson, Steve Senate Committee",18616,DFL,Senate,6,2020-06-08 12:28:00.000,,0,"Samuelson, Steve",6,Senate
"Houle, Tamara (Tammy) A House Committee",18614,RPM,House,16B,2020-06-08 11:52:00.000,,0,"Houle, Tamara (Tammy) A",16B,House
"Peters, A. John Senate Committee",18615,DFL,Senate,5,2020-06-07 12:19:00.000,,0,"Peters, A John",5,Senate
"Martinez-Perez, Ashley House Committee",18612,DFL,House,24B,2020-06-04 20:18:00.000,,0,"Martinez-Perez, Ashley",24B,House
"Brazelton, Chris Senate Committee",18608,DFL,Senate,29,2020-06-04 11:25:00.000,,0,"Brazelton, Chris",29,Senate
"Ansbacher, Cynthia (Cindy) House Committee",18601,DFL,House,1B,2020-05-26 10:08:00.000,,0,"Ansbacher, Cynthia (Cindy)",1B,House
"Reyer, Lizabeth House Committee",18596,DFL,House,52A,2020-05-18 14:15:00.000,,1,"Reyer, Lizabeth",52A,House
"Brinkmeier, Arlan House Committee",18592,DFL,House,48A,2020-05-08 16:18:00.000,,0,"Brinkmeier, Arlan",48A,House
"McEwen, Jen Senate Committee",18581,DFL,Senate,8,2020-04-24 14:20:00.000,,1,"McEwen, Jen",8,Senate
"Anderson, Michele Senate Committee",18578,DFL,Senate,8,2020-04-24 09:13:00.000,,0,"Anderson, Michele",8,Senate
"Toole, Kenneth Robert Senate Committee",18577,RPM,Senate,10,2020-04-23 11:50:00.000,,0,"Toole, Kenneth Robert",10,Senate
"Frechette, John (Jack) House Committee",18574,DFL,House,11B,2020-04-21 09:45:00.000,,0,"Frechette, John (Jack)",11B,House
"Liend, Jeremiah House Committee",18565,DFL,House,2A,2020-04-02 08:43:00.000,,0,"Liend, Jeremiah",2A,House
"Manninen, Thomas House Committee",18563,RPM,House,3A,2020-03-31 08:45:00.000,,0,"Manninen, Thomas",3A,House
"Frederick, Luke House Committee",18562,DFL,House,18B,2020-03-27 10:04:00.000,,1,"Frederick, Luke",18B,House
"Calhoun, Tamara House Committee",18560,DFL,House,14A,2020-03-25 08:11:00.000,,0,"Calhoun, Tamara",14A,House
"Burkel, John House Committee",18558,RPM,House,1A,2020-03-18 14:34:00.000,,1,"Burkel, John",1A,House
"Hendrickson, Charles House Committee",18557,DFL,House,4A,2020-03-12 16:22:00.000,,0,"Hendrickson, Charles",4A,House
"Keeler, Heather M House Committee",18552,DFL,House,4A,2020-03-10 13:23:00.000,,1,"Keeler, Heather M",4A,House
"TSCHIMPERLE, CHAD Senate Committee",18551,DFL,Senate,17,2020-03-10 13:15:00.000,,0,"TSCHIMPERLE, CHAD",17,Senate
"Myers, Andrew House Committee",18550,RPM,House,45A,2020-03-09 16:26:00.000,,1,"Myers, Andrew",45A,House
"Bergstrom, Donna Senate Committee",18549,RPM,Senate,7,2020-03-09 14:27:00.000,,0,"Bergstrom, Donna",7,Senate
"Stebbins, Marianne House Committee",18548,RPM,House,33B,2020-03-09 09:26:00.000,,0,"Stebbins, Marianne",33B,House
"Pfarr, Brian H House Committee",18545,RPM,House,22B,2020-03-04 08:53:00.000,,1,"Pfarr, Brian H",22B,House
"Depoister, Daonna House Committee",18544,DFL,House,45A,2020-03-02 12:01:00.000,,0,"Depoister, Daonna",45A,House
"Napper, Diane E Senate Committee",18539,RPM,Senate,63,2020-02-24 15:13:00.000,,0,"Napper, Diane E",63,Senate
"Cahill, Caitlin House Committee",18537,DFL,House,37A,2020-02-21 09:58:00.000,,0,"Cahill, Caitlin",37A,House
"Smith, Fern A House Committee",18532,RPM,House,52A,2020-02-18 10:22:00.000,,0,"Smith, Fern A",52A,House
"Engen, Elliott W House Committee",18530,RPM,House,36A,2020-02-14 14:23:00.000,,1,"Engen, Elliott W",36A,House
"Meisner, Ross Senate Committee",18529,DFL,Senate,41,2020-02-14 14:10:00.000,,0,"Meisner, Ross",41,Senate
"Trossen, Dori A House Committee",18531,RPM,House,34B,2020-02-14 10:00:00.000,,0,"Trossen, Dori A",34B,House
"Sukalski, Michael J House Committee",18528,RPM,House,23A,2020-02-12 15:10:00.000,,0,"Sukalski, Michael J",23A,House
"Hicks, Kimberly (Kim) House Committee",18519,DFL,House,25A,2020-02-05 08:40:00.000,,1,"Hicks, Kimberly (Kim)",25A,House
"Garofalo, Joseph Nicholas House Committee",18517,RPM,House,39B,2020-02-05 08:24:00.000,2023-09-21 00:00:00.000,0,"Garofalo, Joseph Nicholas",39B,House
"Feist, Sandra House Committee",18511,DFL,House,39B,2020-01-29 10:54:00.000,,1,"Feist, Sandra",39B,House
"Duckworth, Zach Senate Committee",18509,RPM,Senate,57,2020-01-24 15:20:00.000,,1,"Duckworth, Zach",57,Senate
"Isse, Suleiman Senate Committee",18507,DFL,Senate,59,2020-01-21 13:30:00.000,,0,"Isse, Suleiman",59,Senate
"Ahmed, Safia House Committee",18506,DFL,House,41B,2020-01-21 12:37:00.000,,0,"Ahmed, Safia",41B,House
"Frazier, Cedrick R House Committee",18504,DFL,House,43A,2020-01-17 13:56:00.000,,1,"Frazier, Cedrick R",43A,House
"Dolan, Benjamin House Committee",18502,DFL,House,17A,2020-01-17 12:58:00.000,,0,"Dolan, Benjamin",17A,House
"Raines, Brian House Committee",18503,DFL,House,34A,2020-01-16 13:45:00.000,,0,"Raines, Brian",34A,House
"Kunesh, Mary Senate Committee",18500,DFL,Senate,39,2020-01-10 08:57:00.000,,1,"Kunesh, Mary",39,Senate
"Thompson, John D House Committee",18495,DFL,House,67A,2020-01-06 09:36:00.000,,0,"Thompson, John D",67A,House
"Olson, Christian Bjorn House Committee",18497,RPM,House,22A,2020-01-06 08:30:00.000,,1,"Olson, Christian Bjorn",22A,House
"Ibrahim, Amal House Committee",18494,DFL,House,60A,2019-12-30 12:34:00.000,,0,"Ibrahim, Amal",60A,House
"Wright, Robert M House Committee",18493,DFL,House,16A,2019-12-30 09:25:00.000,,0,"Wright, Robert M",16A,House
"Borrud, Aleta Senate Committee",18491,DFL,Senate,24,2019-12-23 15:28:00.000,,0,"Borrud, Aleta",24,Senate
"Olson, Megan House Committee",18489,RPM,House,57A,2019-12-20 15:13:00.000,,0,"Olson, Megan",57A,House
"Fateh, Omar Senate Committee",18488,DFL,Senate,62,2019-12-20 15:02:00.000,,1,"Fateh, Omar",62,Senate
"Neumann, Aaron M House Committee",18484,DFL,House,60A,2019-12-16 16:21:00.000,,0,"Neumann, Aaron M",60A,House
"Berger, Austin J House Committee",18483,DFL,House,45A,2019-12-13 15:24:00.000,,0,"Berger, Austin J",45A,House
"Ferguson, Eric House Committee",18480,DFL,House,63B,2019-12-09 15:48:00.000,,0,"Ferguson, Eric",63B,House
"Novotny, Paul House Committee",18472,RPM,House,30B,2019-12-03 09:53:00.000,,1,"Novotny, Paul",30B,House
"Jordan, Sydney House Committee",18470,DFL,House,60A,2019-12-02 10:57:00.000,,1,"Jordan, Sydney",60A,House
"Abeyta, Joseph A House Committee",18468,DFL,House,5B,2019-11-27 08:30:00.000,,0,"Abeyta, Joseph A",5B,House
"Stofferahn, Justin Senate Committee",18465,DFL,Senate,38,2019-11-21 13:40:00.000,,0,"Stofferahn, Justin",38,Senate
"Port, Lindsey Senate Committee",18466,DFL,Senate,55,2019-11-20 13:47:00.000,,1,"Port, Lindsey",55,Senate
"Akland, D. Susan (Susie) House Committee",18464,RPM,House,18A,2019-11-18 15:17:00.000,,0,"Akland, D Susan (Susie)",18A,House
"Hanson, Jessica House Committee",18463,DFL,House,55A,2019-11-14 11:51:00.000,,1,"Hanson, Jessica",55A,House
"Greenman, Emma House Committee",18462,DFL,House,63B,2019-11-14 09:13:00.000,,1,"Greenman, Emma",63B,House
"Rose, Brett House Committee",18459,RPM,House,66A,2019-10-28 09:11:00.000,,0,"Rose, Brett",66A,House
"Coleman, Julia Senate Committee",18457,RPM,Senate,48,2019-10-23 10:43:00.000,,1,"Coleman, Julia",48,Senate
"Jiang, Jeff Senate Committee",18455,RPM,Senate,48,2019-10-21 13:28:00.000,,0,"Jiang, Jeff",48,Senate
"Agbaje, Esther House Committee",18454,DFL,House,59B,2019-10-18 09:20:00.000,,1,"Agbaje, Esther",59B,House
"Stewart, Ann Johnson Senate Committee",18453,DFL,Senate,45,2019-10-17 10:33:00.000,,0,"Stewart, Ann Johnson",45,Senate
"Preese, Erin B House Committee",18452,DFL,House,57B,2019-10-15 08:26:00.000,,0,"Preese, Erin B",57B,House
"Berg, Kaela Jo House Committee",18449,DFL,House,55B,2019-10-14 15:50:00.000,,1,"Berg, Kaela Jo",55B,House
"Mueller, Patricia K House Committee",18444,RPM,House,23B,2019-10-03 08:37:00.000,,1,"Mueller, Patricia K",23B,House
"Murphy, Erin Senate Committee",18443,DFL,Senate,64,2019-10-02 09:49:00.000,,1,"Murphy, Erin",64,Senate
"Murphy, Hoang House Committee",18442,DFL,House,67A,2019-09-30 00:00:00.000,,0,"Murphy, Hoang",67A,House
"Waits, Kelsey House Committee",18441,DFL,House,54B,2019-09-19 11:16:00.000,,0,"Waits, Kelsey",54B,House
"Putnam, Aric Senate Committee",18430,DFL,Senate,14,2019-07-29 08:38:00.000,,1,"Putnam, Aric",14,Senate
"Rosh, Joe House Committee",18423,DFL,House,29B,2019-06-21 13:59:00.000,,0,"Rosh, Joe",29B,House
"Hollins, Athena House Committee",18422,DFL,House,66B,2019-06-03 13:06:00.000,,1,"Hollins, Athena",66B,House
"McLean, Nancy Senate Committee",18418,DFL,Senate,33,2019-04-03 12:49:00.000,,0,"McLean, Nancy",33,Senate
"Nelsen, Andrea House Committee",18413,DFL,House,55B,2019-02-21 09:44:00.000,,0,"Nelsen, Andrea",55B,House
"Nelson, Nathan D House Committee",18412,RPM,House,11B,2019-02-20 11:19:00.000,,1,"Nelson, Nathan D",11B,House
"Rarick, Jason Senate Committee",18406,RPM,Senate,11,2019-01-04 10:38:00.000,,1,"Rarick, Jason",11,Senate
"True, David A House Committee",18395,RPM,House,40A,2018-07-17 11:24:00.000,,0,"True, David A",40A,House
"Bierman, Robert House Committee",18385,DFL,House,56A,2018-07-02 16:07:00.000,,1,"Bierman, Robert",56A,House
"Yusuf (Taani), Fadumo House Committee",18383,RPM,House,60B,2018-07-02 09:46:00.000,,0,"Yusuf (Taani), Fadumo",60B,House
"Pasha, Haaris House Committee",18380,DFL,House,60B,2018-06-28 09:36:00.000,,0,"Pasha, Haaris",60B,House
"Moore, Melissa House Committee",18374,RPM,House,46B,2018-06-25 10:41:00.000,,0,"Moore, Melissa",46B,House
"Wagenius, Peter House Committee",18351,DFL,House,60B,2018-06-14 12:12:00.000,,0,"Wagenius, Peter",60B,House
"Elkins, Steve House Committee",18349,DFL,House,50B,2018-06-13 14:12:00.000,,1,"Elkins, Steve",50B,House
"Boe, Greg House Committee",18348,RPM,House,48B,2018-06-13 09:26:00.000,,0,"Boe, Greg",48B,House
"Her, Kaohly House Committee",18345,DFL,House,64A,2018-06-12 16:21:00.000,,1,"Her, Kaohly",64A,House
"Ganzer, Brad House Committee",18343,RPM,House,34A,2018-06-11 15:02:00.000,,0,"Ganzer, Brad",34A,House
"Vang, Samantha House Committee",18341,DFL,House,38B,2018-06-11 09:57:00.000,,1,"Vang, Samantha",38B,House
"Marvin, Robert House Committee",18338,RPM,House,38B,2018-06-06 14:53:00.000,,0,"Marvin, Robert",38B,House
"Howe, Jeff Senate Committee",18337,RPM,Senate,13,2018-06-06 14:19:00.000,,1,"Howe, Jeffrey R",13,Senate
"Ellison, Keith Atty Gen Committee",18336,DFL,Attorney General,,2018-06-06 11:27:00.000,,1,"Ellison, Keith",,AG
"Tabke, Brad House Committee",18332,DFL,House,54A,2018-06-05 15:32:00.000,,1,"Tabke, Brad",54A,House
"Bragg, Kyle House Committee",18331,RPM,House,63A,2018-06-05 13:44:00.000,,0,"Bragg, Kyle",63A,House
"Demuth, Lisa House Committee",18334,RPM,House,13A,2018-06-05 10:48:00.000,,1,"Demuth, Lisa",13A,House
"Robbins, Kristin House Committee",18327,RPM,House,37A,2018-06-04 14:26:00.000,,1,"Robbins, Kristin",37A,House
"Gare, Josh House Committee",18322,RPM,House,20B,2018-05-21 09:06:00.000,,0,"Gare, Josh",20B,House
"Howard, Michael House Committee",18320,DFL,House,51A,2018-05-14 09:41:00.000,,1,"Howard, Michael",51A,House
"Lislegard, David House Committee",18314,DFL,House,7B,2018-05-02 12:11:00.000,,1,"Lislegard, David",7B,House
"Dotseth, Jeff A House Committee",18306,RPM,House,11A,2018-04-10 16:44:00.000,,1,"Dotseth, Jeff A",11A,House
"Latzke, Ashley House Committee",18303,DFL,House,18B,2018-04-06 10:52:00.000,,0,"Latzke, Ashley",18B,House
"Mortensen, Erik House Committee",18288,RPM,House,54A,2018-03-15 15:50:00.000,,0,"Mortensen, Erik",54A,House
"Acomb, Patty House Committee",18272,DFL,House,45B,2018-02-27 09:02:00.000,,1,"Acomb, Patty",45B,House
"Kotyza-Witthuhn, Carlie House Committee",18266,DFL,House,49B,2018-02-14 14:04:00.000,,1,"Kotyza-Witthuhn, Carlie",49B,House
"Kiner, James (Jim) House Committee",18255,RPM,House,58B,2018-01-29 10:00:00.000,,0,"Kiner, James (Jim)",58B,House
"Richardson, Ruth House Committee",18253,DFL,House,52B,2018-01-26 09:03:00.000,,1,"Richardson, Ruth",52B,House
"Menk, Dale House Committee",18251,DFL,House,10A,2018-01-22 08:57:00.000,,0,"Menk, Dale",10A,House
"Fatehi, Leili House Committee",18249,DFL,House,63B,2018-01-18 08:49:00.000,,0,"Fatehi, Leili",63B,House
"Brand, Jeff House Committee",18242,DFL,House,18A,2018-01-12 16:03:00.000,,1,"Brand, Jeff",18A,House
"Hassan, Hodan House Committee",18235,DFL,House,62B,2018-01-03 15:18:00.000,,1,"Hassan, Hodan",62B,House
"Anderson, Patricia House Committee",18229,RPM,House,33A,2017-12-26 15:32:00.000,,1,"Anderson, Patricia",33A,House
"Mowery, Christopher N Senate Committee",18228,DFL,Senate,39,2017-12-26 15:21:00.000,,0,"Mowery, Christopher N",39,Senate
"Heinrich, John House Committee",18220,RPM,House,35A,2017-12-18 14:13:00.000,,0,"Heinrich, John",35A,House
"Blaha, Julie State Aud Committee",18218,DFL,State Auditor,,2017-12-15 16:09:00.000,,1,"Blaha, Julie",,SA
"Yang, Shoua House Committee",18216,DFL,House,67B,2017-12-14 14:02:00.000,,0,"Yang, Shoua",67B,House
"Johnson, Brittney Cole House Committee",18214,DFL,House,8A,2017-12-12 15:44:00.000,,0,"Johnson, Brittney Cole",8A,House
"Gomez, Aisha House Committee",18210,DFL,House,62A,2017-12-08 14:13:00.000,,1,"Gomez, Aisha",62A,House
"Wagner, Melissa House Committee",18200,DFL,House,23B,2017-11-29 16:23:00.000,,0,"Wagner, Melissa",23B,House
"Folch, Tina House Committee",18198,DFL,House,41B,2017-11-29 13:45:00.000,,0,"Folch, Tina",41B,House
"Koenen, Lyle House Committee",18197,DFL,House,17A,2017-11-28 16:24:00.000,,0,"Koenen, Lyle",17A,House
"Munson, Jeremy House Committee",18194,RPM,House,23B,2017-11-27 16:02:00.000,,0,"Munson, Jeremy",23B,House
"Xiong, Jay House Committee",18191,DFL,House,67B,2017-11-17 08:32:00.000,,1,"Xiong, Jay",67B,House
"Voltz, Liz House Committee",18188,DFL,House,42A,2017-11-01 08:38:00.000,,0,"Voltz, Liz",42A,House
"Tomczak, Skeeter House Committee",18186,RPM,House,6B,2017-10-23 11:56:00.000,,0,"Tomczak, Skeeter",6B,House
"Edwards, Brittany D House Committee",18183,DFL,House,46A,2017-10-10 11:22:00.000,,0,"Edwards, Brittany D",46A,House
"Pelikan, Matthew (Matt) JM Atty Gen Committee",18177,DFL,Attorney General,,2017-09-25 16:16:00.000,,0,"Pelikan, Matthew (Matt) JM",,AG
"Jackson, Carolyn C House Committee",18173,DFL,House,49A,2017-09-11 13:15:00.000,,0,"Jackson, Carolyn C",49A,House
"Mekeland, Shane D House Committee",18171,RPM,House,27A,2017-08-31 16:08:00.000,,1,"Mekeland, Shane D",27A,House
"Wolgamott, Dan House Committee",18168,DFL,House,14B,2017-08-23 15:19:00.000,,1,"Wolgamott, Dan",14B,House
"Long, James (Jamie) House Committee",18165,DFL,House,61B,2017-08-15 14:00:00.000,,1,"Long, James (Jamie)",61B,House
"Williams, Maggie A House Committee",18161,DFL,House,58A,2017-08-09 09:10:00.000,,0,"Williams, Maggie",58A,House
"Moller, Kelly House Committee",18157,DFL,House,40A,2017-07-19 09:25:00.000,,1,"Moller, Kelly",40A,House
"Fontenello, Jordan House Committee",18152,DFL,House,28B,2017-06-28 09:50:00.000,,0,"Fontenello, Jordan",28B,House
"Walz, Tim Gov Committee",18135,DFL,Governor,,2017-03-27 11:42:00.000,,1,"Walz, Tim",,GC
"Wardlow, Doug Atty Gen Committee",18133,RPM,Attorney General,,2017-03-01 13:52:00.000,,0,"Wardlow, Doug",,AG
"Stephenson, Zachary House Committee",18129,DFL,House,35A,2017-01-17 11:01:00.000,,1,"Stephenson, Zachary",35A,House
"Neu, Anne House Committee",18123,RPM,House,28B,2016-10-11 11:00:00.000,,1,"Neu, Anne",28B,House
"Montemayor, Jane House Committee",18115,DFL,House,47B,2016-07-18 15:19:00.000,,0,"Montemayor, Jane",47B,House
"Marvin, Robert Senate Committee",18102,RPM,Senate,40,2016-06-30 14:00:00.000,,0,"Marvin, Robert",40,Senate
"Ali, Ali C Senate Committee",18099,DFL,Senate,55,2016-06-29 11:15:00.000,,0,"Ali, Ali C",55,Senate
"Lamas, Carolina A Dist Court Committee",18094,N/A,District Court,4-37,2016-06-22 10:51:00.000,,1,"Lamas, Carolina A",4-37,DC
"Diesslin, Elise House Committee",18091,DFL,House,20B,2016-06-17 14:07:00.000,,0,"Diesslin, Elise",20B,House
"Eichorn, Justin Senate Committee",18077,RPM,Senate,6,2016-06-15 16:27:00.000,,1,"Eichorn, Justin",6,Senate
"Englund, Ricky Senate Committee",18083,DFL,Senate,31,2016-06-13 12:49:00.000,,0,"Englund, Ricky",31,Senate
"Bahner, Kristin House Committee",18081,DFL,House,37B,2016-06-13 12:28:00.000,,1,"Bahner, Kristin",37B,House
"Gerten, Brad House Committee",18064,RPM,House,51A,2016-06-03 14:38:00.000,,0,"Gerten, Brad",51A,House
"Dornink, Gene Senate Committee",18058,RPM,Senate,23,2016-05-26 09:53:00.000,,1,"Dornink, Gene",23,Senate
"Hamlin, Sarah L House Committee",18037,DFL,House,30A,2016-05-02 10:25:00.000,,0,"Hamlin, Sarah L",30A,House
"Solo, Leah Senate Committee",18035,DFL,Senate,44,2016-04-29 15:16:00.000,,0,"Solo, Leah",44,Senate
"Pryor, Laurie House Committee",18031,DFL,House,49A,2016-04-28 09:53:00.000,,1,"Pryor, Laurie",49A,House
"Westlin, Bonnie S Senate Committee",18021,DFL,Senate,42,2016-04-25 13:45:00.000,,1,"Westlin, Bonnie S",42,Senate
"Koegel, Erin House Committee",18020,DFL,House,39A,2016-04-25 09:31:00.000,,1,"Koegel, Erin",39A,House
"Kantrud, (Hugh) Alan House Committee",18018,DFL,House,39B,2016-04-22 14:38:00.000,,0,"Kantrud, (Hugh) Alan",39B,House
"Johnson, Mark Timothy Senate Committee",18011,RPM,Senate,1,2016-04-18 10:21:00.000,,1,"Johnson, Mark Timothy",1,Senate
"Brown, Chilah Senate Committee",18010,DFL,Senate,15,2016-04-14 09:08:00.000,,0,"Brown, Chilah",15,Senate
"Fontaine, Kip O'dean Senate Committee",18007,DFL,Senate,1,2016-04-13 13:58:00.000,,0,"Fontaine, Kip O'dean",1,Senate
"Rymer, Maxwell (Max) House Committee",18005,RPM,House,49B,2016-04-12 08:51:00.000,,0,"Rymer, Maxwell (Max)",49B,House
"Haakenson, Cecilia (Ceci) House Committee",18003,DFL,House,55B,2016-04-12 08:41:00.000,,0,"Haakenson, Cecilia (Ceci)",55B,House
"Utke, Paul J Senate Committee",18001,RPM,Senate,5,2016-04-08 09:04:00.000,,1,"Utke, Paul J",5,Senate
"Franke, Keith J House Committee",17996,RPM,House,54A,2016-04-05 08:15:00.000,,0,"Franke, Keith J",54A,House
"Lang, Andrew R Senate Committee",17994,RPM,Senate,16,2016-04-01 11:44:00.000,,1,"Lang, Andrew R",16,Senate
"Grossell, Matthew (Matt) J House Committee",17993,RPM,House,2A,2016-03-30 14:48:00.000,,1,"Grossell, Matthew (Matt) J",2A,House
"Cwodzinski, Steve Senate Committee",17990,DFL,Senate,49,2016-03-28 14:29:00.000,,1,"Cwodzinski, Steve",49,Senate
"Scarborough, Darryl Senate Committee",17987,DFL,Senate,47,2016-03-22 10:51:00.000,,0,"Scarborough, Darryl",47,Senate
"West, Nolan House Committee",17968,RPM,House,32A,2016-02-26 15:45:00.000,,1,"West, Nolan",32A,House
"Jasinski, John R Senate Committee",17964,RPM,Senate,19,2016-02-24 08:52:00.000,,1,"Jasinski, John R",19,Senate
"Huot, John Duffy House Committee",17962,DFL,House,56B,2016-02-24 08:12:00.000,,1,"Huot, John Duffy",56B,House
"Wahlgren, Sharna A Senate Committee",17954,RPM,Senate,53,2016-02-11 15:26:00.000,,0,"Wahlgren, Sharna A",53,Senate
"Klevorn, Virginia (Ginny) House Committee",17950,DFL,House,42B,2016-02-08 09:04:00.000,,1,"Klevorn, Virginia (Ginny)",42B,House
"Olson, Elizabeth (Liz) House Committee",17946,DFL,House,8A,2016-02-02 16:23:00.000,,1,"Olson, Elizabeth (Liz)",8A,House
"Becker-Finn, Jamie House Committee",17940,DFL,House,40B,2016-01-27 13:33:00.000,,1,"Becker-Finn, Jamie",40B,House
"Klein, Matthew D Senate Committee",17924,DFL,Senate,53,2016-01-11 13:33:00.000,,1,"Klein, Matthew D",53,Senate
"Simmonds, Dustin House Committee",17923,DFL,House,9B,2016-01-08 16:05:00.000,,0,"Simmonds, Dustin",9B,House
"Frentz, Nick Andrew Senate Committee",17919,DFL,Senate,18,2016-01-04 11:33:00.000,,1,"Frentz, Nick Andrew",18,Senate
"Draheim, Rich Senate Committee",17910,RPM,Senate,22,2015-12-04 14:30:00.000,,1,"Draheim, Rich",22,Senate
"Vazquez, Ruben House Committee",17912,DFL,House,41A,2015-12-04 12:18:00.000,,0,"Vazquez, Ruben",41A,House
"Anderson, Chad D House Committee",17906,RPM,House,51B,2015-11-30 11:26:00.000,,0,"Anderson, Chad D",51B,House
"Lee, Fue House Committee",17903,DFL,House,59A,2015-11-25 16:07:00.000,,1,"Lee, Fue",59A,House
"Edelson, Heather M House Committee",17902,DFL,House,50A,2015-11-23 11:11:00.000,,1,"Edelson, Heather M",50A,House
"Bartusek, Mark John Senate Committee",17895,RPM,Senate,20,2015-11-09 13:30:00.000,,0,"Bartusek, Mark John",20,Senate
"Koran, Mark Senate Committee",17893,RPM,Senate,28,2015-11-05 15:44:00.000,,1,"Koran, Mark",28,Senate
"Gillespie, Alberder House Committee",17891,DFL,House,53B,2015-11-03 10:27:00.000,,0,"Gillespie, Alberder",53B,House
"Bliss, Matt House Committee",17881,RPM,House,2B,2015-09-22 09:28:00.000,,1,"Bliss, Matt",2B,House
"Mathews, Andrew Senate Committee",17876,RPM,Senate,27,2015-09-08 10:10:00.000,,1,"Mathews, Andrew",27,Senate
"Ecklund, Robert House Committee",17871,DFL,House,3A,2015-08-21 08:56:00.000,,0,"Ecklund, Robert",3A,House
"Goggin, Michael P Senate Committee",17869,RPM,Senate,21,2015-08-12 12:32:00.000,,0,"Goggin, Michael P",21,Senate
"Abeler, Jim Senate Committee",17868,RPM,Senate,35,2015-08-11 10:13:00.000,,1,"Abeler, Jim",35,Senate
"Wolgamott, Daniel (Dan) Senate Committee",17860,DFL,Senate,14,2015-06-01 14:02:00.000,,0,"Wolgamott, Daniel (Dan)",14,Senate
"Petricka, Mark (Danny) Senate Committee",17854,RPM,Senate,20,2015-05-01 11:15:00.000,,0,"Petricka, Mark (Danny)",20,Senate
"Sterner, Phillip M Senate Committee",17849,DFL,Senate,56,2014-12-16 08:52:00.000,,0,"Sterner, Phillip M",56,Senate
"Slyter, Diana House Committee",17823,DFL,House,22A,2014-07-01 13:50:00.000,,0,"Slyter, Diana",22A,House
"Brown, Andrew House Committee",17820,RPM,House,64A,2014-06-30 15:53:00.000,,0,"Brown, Andrew",64A,House
"Lofgren, Thomas House Committee",17805,DFL,House,20A,2014-06-17 10:24:00.000,,0,"Lofgren, Thomas",20A,House
"Loonan, Robert (Bob) J House Committee",17806,RPM,House,54A,2014-06-13 11:03:00.000,,0,"Loonan, Robert (Bob) J",54A,House
"Heintzeman, Joshua House Committee",17782,RPM,House,6B,2014-06-03 14:08:00.000,,1,"Heintzeman, Joshua",6B,House
"Nicollet, Hannah P Gov Committee",17771,IPMN,Governor,,2014-05-23 15:18:00.000,,0,"Nicollet, Hannah P",,GC
"Wetzker, Alma J House Committee",17758,RPM,House,45B,2014-05-09 08:38:00.000,,0,"Wetzker, Alma J",45B,House
"Backer, Jeff W Jr House Committee",17735,RPM,House,9A,2014-03-28 08:25:00.000,,1,"Backer, Jeff W, Jr",9A,House
"Vagts, Marla House Committee",17728,DFL,House,58B,2014-03-18 11:49:00.000,,0,"Vagts, Marla",58B,House
"Howe, John S Sec of State Committee",17726,RPM,Secretary of State,,2014-03-13 16:14:00.000,,0,"Howe, John S",,SS
"Koznick, Jon House Committee",17720,RPM,House,57A,2014-03-06 08:55:00.000,,1,"Koznick, Jon",57A,House
"Pike, Camden J House Committee",17718,RPM,House,41B,2014-03-05 08:47:00.000,,0,"Pike, Camden J",41B,House
"Daniels, Brian T House Committee",17717,RPM,House,19A,2014-03-04 15:56:00.000,,1,"Daniels, Brian T",19A,House
"Christensen, Drew (Andrew) House Committee",17716,RPM,House,56A,2014-03-04 15:46:00.000,,0,"Christensen, Drew (Andrew)",56A,House
"Nash, Jim House Committee",17709,RPM,House,48A,2014-02-10 11:41:00.000,,1,"Nash, Jim",48A,House
"Burkart, Kevin House Committee",17707,DFL,House,55B,2014-02-05 08:59:00.000,,0,"Burkart, Kevin",55B,House
"Baker, David (Dave) House Committee",17700,RPM,House,16B,2014-01-29 08:40:00.000,,1,"Baker, David (Dave)",16B,House
"Noor, Mohamud House Committee",17693,DFL,House,60B,2014-01-10 13:47:00.000,,1,"Noor, Mohamud",60B,House
"Bennett, Peggy House Committee",17686,RPM,House,23A,2013-12-21 08:46:00.000,,1,"Bennett, Peggy",23A,House
"Pinto, David P House Committee",17675,DFL,House,64B,2013-12-09 15:10:00.000,,1,"Pinto, David P",64B,House
"Youakim, Cheryl House Committee",17672,DFL,House,46B,2013-12-05 14:23:00.000,,1,"Youakim, Cheryl",46B,House
"Gunderson, Heidi Ann House Committee",17664,RPM,House,36B,2013-11-18 09:25:00.000,,0,"Gunderson, Heidi Ann",36B,House
"Simon, Steve Sec of State Committee",17653,DFL,Secretary of State,,2013-08-09 08:29:00.000,,1,"Simon, Steve",,SS
"Pierson, Nels T III House Committee",17651,RPM,House,26B,2013-07-30 08:52:00.000,,0,"Pierson, Nels T, III",26B,House
"Courrier, Robin D House Committee",17636,DFL,House,19A,2013-01-10 16:18:00.000,,0,"Courrier, Robin D",19A,House
"Humphrey, Robert Senate Committee",17579,DFL,Senate,67,2012-06-19 17:46:00.000,,0,"Humphrey, Robert",67,Senate
"Neuman, Holly House Committee",17590,DFL,House,30A,2012-06-19 09:31:00.000,,0,"Neuman, Holly",30A,House
"Palmer, Laura House Committee",17583,RPM,House,41B,2012-06-18 18:12:00.000,,0,"Palmer, Laura",41B,House
"Shimek, Sharon G House Committee",17558,DFL,House,30B,2012-06-14 16:27:00.000,,0,"Shimek, Sharon G",30B,House
"Blum, Joseph (Joe) M House Committee",17550,RPM,House,52A,2012-06-08 16:06:00.000,,0,"Blum, Joseph (Joe) M",52A,House
"Freiberg, Mike House Committee",17532,DFL,House,43B,2012-06-05 09:09:00.000,,1,"Freiberg, Mike",43B,House
"Pratt, Eric Senate Committee",17520,RPM,Senate,54,2012-05-29 11:27:00.000,,1,"Pratt, Eric",54,Senate
"Kresha, Ronald House Committee",17500,RPM,House,10A,2012-05-03 15:34:00.000,,1,"Kresha, Ronald",10A,House
"Hawj, Foung Senate Committee",17481,DFL,Senate,67,2012-04-23 16:20:00.000,,1,"Hawj, Foung",67,Senate
"Albright, Tony House Committee",17468,RPM,House,55B,2012-04-11 11:49:00.000,,0,"Albright, Tony",55B,House
"Kent, Susan Senate Committee",17443,DFL,Senate,47,2012-03-27 16:14:00.000,2023-09-25 00:00:00.000,0,"Kent, Susan",47,Senate
"Hillebregt, Andy House Committee",17434,DFL,House,35A,2012-03-21 16:30:00.000,,0,"Hillebregt, Andy",35A,House
"Dudley, Michael J Senate Committee",17423,RPM,Senate,20,2012-03-19 11:39:00.000,,0,"Dudley, Michael J",20,Senate
"Petersburg, John House Committee",17417,RPM,House,19B,2012-03-16 10:07:00.000,,1,"Petersburg, John",19B,House
"Bernardy, Connie House Committee",17415,DFL,House,39B,2012-03-16 09:30:00.000,,0,"Bernardy, Connie",39B,House
"Koenen, Lyle J Senate Committee",17407,DFL,Senate,17,2012-03-15 14:19:00.000,,0,"Koenen, Lyle J",17,Senate
"Hertaus, Jerome Allan (Jerry) House Committee",17409,RPM,House,37A,2012-03-14 11:40:00.000,,0,"Hertaus, Jerome Allan (Jerry)",37A,House
"Weber, Bill Senate Committee",17404,RPM,Senate,21,2012-03-14 11:30:00.000,,1,"Weber, Bill",21,Senate
"Johnson, Brian L House Committee",17398,RPM,House,28A,2012-03-12 16:18:00.000,,1,"Johnson, Brian L",28A,House
"Wiklund, Melissa Halvorson Senate Committee",17393,DFL,Senate,51,2012-03-09 12:36:00.000,,1,"Wiklund, Melissa Halvorson",51,Senate
"Pugh, Cynthia (Cindy) L House Committee",17388,RPM,House,33B,2012-03-08 12:33:00.000,,0,"Pugh, Cynthia (Cindy) L",33B,House
"Miller, Tim A House Committee",17386,RPM,House,17A,2012-03-08 12:21:00.000,,0,"Miller, Tim A",17A,House
"Westrom, Torrey N Senate Committee",17373,RPM,Senate,12,2012-03-02 12:21:00.000,,1,"Westrom, Torrey N",12,Senate
"Ruud, Carrie Senate Committee",17367,RPM,Senate,10,2012-02-29 10:58:00.000,,0,"Ruud, Carrie",10,Senate
"Anderson, Bruce D Senate Committee",17362,RPM,Senate,29,2012-02-28 15:38:00.000,,1,"Anderson, Bruce D",29,Senate
"Fischer, Peter M House Committee",17360,DFL,House,44A,2012-02-27 11:48:00.000,,1,"Fischer, Peter M",44A,House
"O'Neill, Marion Olivia House Committee",17357,RPM,House,29B,2012-02-24 15:31:00.000,,1,"O'Neill, Marion Olivia",29B,House
"Schultz, John Senate Committee",17344,DFL,Senate,12,2012-01-27 16:29:00.000,,0,"Schultz, John",12,Senate
"Younk, David House Committee",17333,DFL,House,58A,2012-01-23 08:43:00.000,,0,"Younk, David",58A,House
"Roulet, Chuck House Committee",17331,RPM,House,32B,2012-01-13 15:55:00.000,,0,"Roulet, Chuck",32B,House
"Hoffman, John A Senate Committee",17319,DFL,Senate,34,2011-11-28 16:22:00.000,,1,"Hoffman, John A",34,Senate
"Champion, Bobby Joe Senate Committee",17316,DFL,Senate,59,2011-11-18 09:33:00.000,,1,"Champion, Bobby Joe",59,Senate
"Dziedzic, Kari (Karen) Senate Committee",17310,DFL,Senate,60,2011-11-07 10:47:00.000,,1,"Dziedzic, Kari (Karen)",60,Senate
"Archer, Tony Mark House Committee",17305,DFL,House,28B,2011-11-02 14:48:00.000,,0,"Archer, Tony Mark",28B,House
"Matthews, Edward (Ed) T Dist Court Committee",17214,N/A,District Court,2-16,2010-06-22 11:25:00.000,,0,"Matthews, Edward (Ed) T",2-16,DC
"Silvers, Travis House Committee",17203,RPM,House,7B,2010-06-16 11:52:00.000,,0,"Silvers, Travis",7B,House
"Mazzotta, Gary J House Committee",17201,RPM,House,59B,2010-06-16 11:39:00.000,,0,"Mazzotta, Gary J",59B,House
"Thorson, Mark House Committee",17190,DFL,House,4A,2010-06-15 11:26:00.000,,0,"Thorson, Mark",4A,House
"Biros, Tim Senate Committee",17176,IPMN,Senate,34,2010-06-11 16:30:00.000,,0,"Biros, Tim",34,Senate
"Schomacker, Joe House Committee",17183,RPM,House,21A,2010-06-11 16:26:00.000,,1,"Schomacker, Joe",21A,House
"McDonald, Joseph (Joe) House Committee",17167,RPM,House,29A,2010-06-09 15:34:00.000,,1,"McDonald, Joseph (Joe)",29A,House
"Backer, Jay House Committee",17149,RPM,House,20A,2010-05-26 16:24:00.000,,0,"Backer, Jay",20A,House
"Bakk, Thomas (Tom) M Senate Committee",17140,DFL,Senate,3,2010-05-21 16:02:00.000,,0,"Bakk, Thomas M",3,Senate
"Kiel, Debra (Deb) L House Committee",17129,RPM,House,1B,2010-05-13 16:17:00.000,,1,"Kiel, Debra (Deb) L",1B,House
"Daudt, Kurt House Committee",17124,RPM,House,27B,2010-05-11 16:13:00.000,,1,"Daudt, Kurt",27B,House
"Dahms, Gary H Senate Committee",17117,RPM,Senate,15,2010-05-05 13:55:00.000,,1,"Dahms, Gary H",15,Senate
"Nelson, Carla J Senate Committee",17105,RPM,Senate,24,2010-04-23 14:04:00.000,,1,"Nelson, Carla J",24,Senate
"Quam, Duane R Jr House Committee",17093,RPM,House,24A,2010-04-09 16:31:00.000,,1,"Quam, Duane R, Jr",24A,House
"Vickerman, Kevin B Senate Committee",17091,DFL,Senate,22,2010-04-05 15:11:00.000,,0,"Vickerman, Kevin B",22,Senate
"Swedzinski, Chris House Committee",17075,RPM,House,15A,2010-03-26 10:49:00.000,,1,"Swedzinski, Chris",15A,House
"Osmek, David Senate Committee",17040,RPM,Senate,17,2010-02-19 15:59:00.000,,0,"Osmek, David",17,Senate
"Moran, Rena L House Committee",17039,DFL,House,65A,2010-02-19 14:22:00.000,,0,"Moran, Rena L",65A,House
"Elgin, Patrick Senate Committee",17028,RPM,Senate,62,2010-02-16 11:01:00.000,,0,"Elgin, Patrick",62,Senate
"Chamberlain, Roger C Senate Committee",17021,RPM,Senate,36,2010-02-08 16:06:00.000,,0,"Chamberlain, Roger C",36,Senate
"Carney Jr, Bob Gov Committee",17007,RPM,Governor,,2010-01-27 08:46:00.000,,0,"Carney Jr, Bob",,GC
"Daley, Theodore (Ted) J Senate Committee",17005,RPM,Senate,51,2010-01-25 10:05:00.000,,0,"Daley, Theodore (Ted) J",51,Senate
"Franson, Mary D House Committee",16986,RPM,House,12B,2009-12-28 10:51:00.000,,1,"Franson, Mary D",12B,House
"Housley, Karin Senate Committee",16964,RPM,Senate,33,2009-11-24 14:10:00.000,,1,"Housley, Karin",33,Senate
"O'Driscoll, Tim House Committee",16950,RPM,House,13B,2009-10-28 15:55:00.000,,1,"O'Driscoll, Tim",13B,House
"Swarm, Harley Gov Committee",16944,Other,Governor,,2009-10-12 14:49:00.000,,0,"Swarm, Harley",,GC
"Greene, Marion C House Committee",16936,DFL,House,61A,2009-09-23 15:03:00.000,,0,"Greene, Marion C",61A,House
"Anderson, Darrin House Committee",16906,RPM,House,17A,2009-06-19 16:07:00.000,,0,"Anderson, Darrin",17A,House
"Wright, Chris Gov Committee",16897,LMP,Governor,,2009-06-08 11:30:00.000,,0,"Wright, Chris",,GC
"Miller, Jeremy Senate Committee",16891,RPM,Senate,26,2009-05-15 15:45:00.000,,1,"Miller, Jeremy",26,Senate
"Anderson, Paul H House Committee",16807,RPM,House,12A,2008-07-07 00:00:00.000,,1,"Anderson, Paul H",12A,House
"Falk, Andrew J House Committee",16782,DFL,House,17A,2008-06-09 16:18:00.000,,0,"Falk, Andrew J",17A,House
"Bakk, Thomas M Gov Committee",16775,DFL,Governor,,2008-05-27 11:23:00.000,,0,"Bakk, Thomas M",,GC
"Scott, Peggy Sue House Committee",16703,RPM,House,31B,2008-02-14 14:25:00.000,,1,"Scott, Peggy Sue",31B,House
"Torkelson, Paul M House Committee",16697,RPM,House,15B,2008-02-04 00:00:00.000,,1,"Torkelson, Paul M",15B,House
"Loon, Jenifer W House Committee",16680,RPM,House,48B,2007-12-31 00:00:00.000,,0,"Loon, Jenifer W",48B,House
"Mack, Tara House Committee",16649,RPM,House,57A,2007-10-29 15:39:00.000,,0,"Mack, Tara",57A,House
"Satnan, Gary House Committee",16604,IPMN,House,50A,2006-08-24 14:11:00.000,,0,"Satnan, Gary",50A,House
"Latz, Ronald S Senate Committee",16553,DFL,Senate,46,2006-07-26 16:32:00.000,,1,"Latz, Ronald S",46,Senate
"Carlson, James A Senate Committee",16246,DFL,Senate,52,2005-03-21 13:49:00.000,,1,"Carlson, James A",52,Senate
"Hansen, Richard (Rick) J House Committee",16189,DFL,House,53B,2004-07-29 14:54:00.000,,1,"Hansen, Richard (Rick) J",53B,House
"Lillie, Leon House Committee",16132,DFL,House,44B,2004-06-14 15:32:00.000,,1,"Lillie, Leon",44B,House
"Hosch, Lawrence J House Committee",16128,DFL,House,14B,2004-06-11 14:18:00.000,,0,"Hosch, Lawrence J",14B,House
"Hamilton, Rod House Committee",16121,RPM,House,22B,2004-06-04 15:36:00.000,,0,"Hamilton, Rod",22B,House
"Garofalo, Patrick House Committee",16072,RPM,House,58B,2004-04-07 13:22:00.000,,1,"Garofalo, Patrick",58B,House
"Eder, Dorian House Committee",15987,DFL,House,59A,2003-08-12 09:27:00.000,,0,"Eder, Dorian",59A,House
"Hoppe, Joe House Committee",15833,RPM,House,47B,2002-07-15 11:25:00.000,,0,"Hoppe, Joe",47B,House
"Liebling, Tina House Committee",15719,DFL,House,24B,2002-05-06 08:35:00.000,,1,"Liebling, Tina",24B,House
"Hortman, Melissa A House Committee",15677,DFL,House,34B,2002-04-17 15:31:00.000,,1,"Hortman, Melissa A",34B,House
"Hornstein, Frank House Committee",15671,DFL,House,61A,2002-04-17 14:01:00.000,,1,"Hornstein, Frank",61A,House
"Dibble, D Scott Senate Committee",15667,DFL,Senate,61,2002-04-08 10:25:00.000,,1,"Dibble, D Scott",61,Senate
"Nelson, Michael V House Committee",15548,DFL,House,38A,2002-02-04 16:17:00.000,,1,"Nelson, Michael V",38A,House
"Lesch, John House Committee",15487,DFL,House,66B,2001-10-12 00:00:00.000,,0,"Lesch, John",66B,House
"Clark, Tarryl Senate Committee",15286,DFL,Senate,14,2000-05-23 12:50:00.000,,0,"Clark, Tarryl",14,Senate
"Rest, Ann H Senate Committee",15163,DFL,Senate,43,1999-12-10 13:45:00.000,,1,"Rest, Ann H",43,Senate
"Nienow, Sean Senate Committee",15123,RPM,Senate,32,1999-08-25 14:36:00.000,,0,"Nienow, Sean",32,Senate
"Masin, Sandra A House Committee",14857,DFL,House,52A,1997-11-26 10:57:00.000,,0,"Masin, Sandra A",52A,House
"Juhnke, Alan R House Committee",13508,DFL,House,13B,1996-05-13 09:10:00.000,,0,"Juhnke, Alan R",13B,House
"Mullery, Joe House Committee",13481,DFL,House,59A,1996-04-18 08:25:00.000,,0,"Mullery, Joe",59A,House
"Wiger, Charles (Chuck) W Senate Committee",13350,DFL,Senate,43,1995-09-28 12:57:00.000,,0,"Wiger, Charles (Chuck) W",43,Senate
"Limmer, Warren Senate Committee",13262,RPM,Senate,37,1994-12-05 12:55:00.000,,1,"Limmer, Warren",37,Senate
"Urdahl, Dean L House Committee",12790,RPM,House,16A,1992-06-29 00:00:00.000,,1,"Urdahl, Dean L",16A,House
"Hackbarth, Thomas M House Committee",12682,RPM,House,31B,1992-03-30 00:00:00.000,,0,"Hackbarth, Thomas M",31B,House
"Davids, Gregory M House Committee",12604,RPM,House,26B,1990-12-27 00:00:00.000,,1,"Davids, Gregory M",26B,House
"Mariani, Carlos House Committee",12353,DFL,House,65B,1990-01-22 00:00:00.000,,0,"Mariani, Carlos",65B,House
"Pappas, Sandra L Senate Committee",12339,DFL,Senate,65,1989-12-20 00:00:00.000,,1,"Pappas, Sandra L",65,Senate
"Erhardt, Ronnie (Ron) P House Committee",12328,DFL,House,50A,1989-11-13 00:00:00.000,,0,"Erhardt, Ronnie (Ron) P",50A,House
"Hausman, Alice House Committee",12313,DFL,House,66A,1989-06-16 00:00:00.000,,0,"Hausman, Alice",66A,House
"Marty, John J Senate Committee",11880,DFL,Senate,40,1986-02-15 00:00:00.000,,1,"Marty, John J",40,Senate
"Cohen, Richard J Senate Committee",11829,DFL,Senate,64,1985-07-08 00:00:00.000,,0,"Cohen, Richard J",64,Senate
"Pelowski Jr, Gene P House Committee",11763,DFL,House,26A,1984-08-03 00:00:00.000,,1,"Pelowski Jr, Gene P",26A,House
"Kahn, Phyllis House Committee",10054,DFL,House,60B,1982-08-12 00:00:00.000,,0,"Kahn, Phyllis",60B,House
"Murphy, Mary C House Committee",10601,DFL,House,3B,1976-07-28 00:00:00.000,,0,"Murphy, Mary C",3B,House
